metric,mean,std,ci_low,ci_high,n_rep
E[w],355.5905728897382,4.960425958233597,349.86276636517545,361.318379414301,3
E[R],389.3422528407705,8.929085456593688,379.03183305680744,399.6526726247336,3
