metric,mean,std,ci_low,ci_high,n_rep
E[w],248.39416980175577,6.444233627770177,240.95300976232787,255.83532984118366,3
E[R],248.86543816925834,6.451993857603393,241.41531738826407,256.3155589502526,3
