metric,mean,std,ci_low,ci_high,n_rep
E[w],442.63913104218506,2.357751730531714,439.9166338495755,445.36162823479464,3
E[R],631.3255761631696,5.450638197088307,625.0317213024812,637.6194310238579,3
