metric,mean,std,ci_low,ci_high,n_rep
E[w],450.30028408658035,2.1462688194222,447.82198632528696,452.77858184787374,3
E[R],781.9607732514943,3.880005050303231,777.480529330995,786.4410171719936,3
