metric,mean,std,ci_low,ci_high,n_rep
E[w],450.6507092471918,2.1146090560392747,448.2089690317216,453.092449462662,3
E[R],757.4511574299592,4.756985582774528,751.9582636164671,762.9440512434512,3
