metric,mean,std,ci_low,ci_high,n_rep
E[w],0.38278794558979534,0.05878211377699239,0.3149122071644318,0.4506636840151589,3
E[R],0.8955062086992487,0.05901054023670619,0.8273667061178736,0.9636457112806238,3
