metric,mean,std,ci_low,ci_high,n_rep
E[w],433.88065218743753,6.8616345784251385,425.95751904556835,441.8037853293067,3
E[R],596.7016414364045,12.962155102062916,581.7342339614971,611.669048911312,3
