metric,mean,std,ci_low,ci_high,n_rep
E[w],87.64426820800112,6.626190270224956,79.99300273556901,95.29553368043324,3
E[R],88.13554367727465,6.623093397652664,80.48785416526906,95.78323318928025,3
