metric,mean,std,ci_low,ci_high,n_rep
E[w],373.95711365017604,6.3151404783983605,366.66501753982885,381.24920976052323,3
E[R],424.1771244762514,9.801427130391255,412.8594112919036,435.49483766059916,3
