metric,mean,std,ci_low,ci_high,n_rep
E[w],0.005772187835914483,0.000375174025182339,0.005338974187050526,0.006205401484778441,3
E[R],0.5149782801415251,0.005719723541767003,0.5083737122884663,0.521582847994584,3
