metric,mean,std,ci_low,ci_high,n_rep
E[w],299.3749813507649,7.887416576446687,290.2673771835205,308.48258551800933,3
E[R],302.31232139624916,10.030806240806381,290.72974402961205,313.89489876288627,3
