metric,mean,std,ci_low,ci_high,n_rep
E[w],193.3471778813178,0.4655679761564382,192.8095862885978,193.8847694740378,3
E[R],193.81586812620318,0.47123668291262577,193.27173087473992,194.36000537766645,3
