metric,mean,std,ci_low,ci_high,n_rep
E[w],0.020849322203053477,0.0010432881549009478,0.019644636808904655,0.0220540075972023,3
E[R],0.532856102564126,0.003341397163137292,0.5289977894609125,0.5367144156673395,3
