metric,mean,std,ci_low,ci_high,n_rep
E[w],273.714779533202,1.6654248711012296,271.79171253791117,275.6378465284928,3
E[R],274.16591402294426,1.6716505309850302,272.2356582548339,276.09616979105465,3
