metric,mean,std,ci_low,ci_high,n_rep
E[w],260.08827227837844,5.846018135788608,253.33787198960846,266.8386725671484,3
E[R],260.5503436011398,5.881185835067371,253.75933515107906,267.3413520512005,3
