metric,mean,std,ci_low,ci_high,n_rep
E[w],447.429528446366,2.0564206430317666,445.054978422723,449.804078470009,3
E[R],665.383134047704,8.73085184952856,655.3016147165438,675.4646533788641,3
