metric,mean,std,ci_low,ci_high,n_rep
E[w],0.13999836382042655,0.006883863671746108,0.13204956273253193,0.14794716490832116,3
E[R],0.6501018892918247,0.00667995013699502,0.64238854727229,0.6578152313113593,3
