metric,mean,std,ci_low,ci_high,n_rep
E[w],450.6306798294305,3.316686881661573,446.80089970154046,454.46045995732055,3
E[R],738.3223668556554,9.767727080656506,727.0435671368798,749.6011665744311,3
