metric,mean,std,ci_low,ci_high,n_rep
E[w],0.06146030604855197,0.005404644792369138,0.0552195597970547,0.06770105230004923,3
E[R],0.5744749820699832,0.008285716575066597,0.5649074606798958,0.5840425034600705,3
