metric,mean,std,ci_low,ci_high,n_rep
E[w],0.23806488691498393,0.008055480514289696,0.22876321922823004,0.24736655460173781,3
E[R],0.7500921362886666,0.007147895351918747,0.7418384576775274,0.7583458148998057,3
