metric,mean,std,ci_low,ci_high,n_rep
E[w],0.036004712216023436,0.0033023015449773923,0.03219154284414741,0.039817881587899465,3
E[R],0.5493337407928239,0.0063747959823858185,0.5419727604399052,0.5566947211457427,3
