metric,mean,std,ci_low,ci_high,n_rep
E[w],10.11305251664268,9.270335087042199,-0.5914083993210131,20.817513432606376,3
E[R],10.623423927107421,9.271517162523168,-0.08240193205055135,21.329249786265393,3
