metric,mean,std,ci_low,ci_high,n_rep
E[w],142.5032808435338,5.38645472272383,136.2835386752491,148.72302301181847,3
E[R],142.98095206549505,5.3874941287516,136.76000969451053,149.20189443647956,3
