metric,mean,std,ci_low,ci_high,n_rep
E[w],0.09117451543108267,0.0037581840952474713,0.08683493823297207,0.09551409262919326,3
E[R],0.6037564846483193,0.0026501784349239276,0.6006963221827116,0.606816647113927,3
