metric,mean,std,ci_low,ci_high,n_rep
E[w],450.1855036899734,2.129049443021088,447.72708915188093,452.6439182280659,3
E[R],711.7372766590069,9.483480397454137,700.7866967383575,722.6878565796562,3
