metric,mean,std,ci_low,ci_high,n_rep
E[w],450.06283257083203,1.0271900835019334,448.8767356283945,451.24892951326956,3
E[R],806.0666800239671,1.1057368263030063,804.7898851153293,807.343474932605,3
