metric,mean,std,ci_low,ci_high,n_rep
E[w],287.4434440044054,2.5580042878918565,284.48971507600027,290.3971729328106,3
E[R],287.9438319640873,2.502750161035394,285.05390500571093,290.83375892246363,3
