metric,mean,std,ci_low,ci_high,n_rep
E[w],0.012176918399903919,0.0021370324686968787,0.009709285857765692,0.014644550942042147,3
E[R],0.5219207816814151,0.0007524957579864187,0.52105187442454,0.5227896889382901,3
