metric,mean,std,ci_low,ci_high,n_rep
E[w],290.0943023690575,0.8155415976070342,289.15259604723,291.036008690885,3
E[R],290.6368434529045,0.7638885320536567,289.7547809536804,291.5189059521286,3
