metric,mean,std,ci_low,ci_high,n_rep
E[w],1.0621528673299556,0.14331116172550573,0.8966713917297582,1.227634342930153,3
E[R],1.5759897822198676,0.14290089312704532,1.4109820439911924,1.7409975204485428,3
