metric,mean,std,ci_low,ci_high,n_rep
E[w],450.482031736089,0.6946743655751046,449.6798908721612,451.28417260001686,3
E[R],687.7366682772596,1.2853317404628835,686.2524950245512,689.220841529968,3
