metric,mean,std,ci_low,ci_high,n_rep
E[w],390.48073828617873,8.041477951466245,381.1952393662558,399.76623720610166,3
E[R],462.53948522001184,13.357661159142738,447.11538668806213,477.96358375196155,3
