metric,mean,std,ci_low,ci_high,n_rep
E[w],0.0009280422221406041,0.0002922951986344406,0.0005905287989117452,0.001265555645369463,3
E[R],0.5071921816518659,0.005339859787389916,0.501026242680497,0.5133581206232347,3
