metric,mean,std,ci_low,ci_high,n_rep
E[w],429.1781436709284,5.104637476282753,423.2838160288338,435.072471313023,3
E[R],570.3735824236653,10.100914526504173,558.7100509817882,582.0371138655424,3
