metric,mean,std,ci_low,ci_high,n_rep
E[w],222.58271278692945,9.183317604714773,211.97873100465765,233.18669456920125,3
E[R],223.06261303010027,9.188594659177602,212.45253783019916,233.67268823000137,3
